Fold,Epoch,Train Loss,Train Accuracy,Test Loss,Test Accuracy,Best Epoch,Best Accuracy
1,0,0.6898818612098694,0.5657894736842105,0.6793928742408752,0.7777777777777778,99999,0
1,1,0.6832991556117409,0.6381578947368421,0.6410864591598511,0.7777777777777778,99999,0
1,2,0.6700887962391502,0.6381578947368421,0.5950953960418701,0.7777777777777778,99999,0
1,3,0.6547474390582034,0.6381578947368421,0.5551213622093201,0.7777777777777778,99999,0
1,4,0.6434347033500671,0.6381578947368421,0.5381788611412048,0.7777777777777778,99999,0
1,5,0.632463696755861,0.6381578947368421,0.5254591703414917,0.7777777777777778,99999,0
